{
  "Name": "AudioQAM",
  "Version": "1.1.1.0",
  "Factory Info": {
    "Vendor": "suzumushi",
    "URL": "https://suzumushi0.hatenablog.com",
    "E-Mail": "mailto:suzumushi9@gmail.com",
    "Flags": {
      "Unicode": true,
      "Classes Discardable": false,
      "Component Non Discardable": false,
    },
  },
  "Classes": [
    {
      "CID": "ABBF37A85C5951B5867058CE44D5B3BB",
      "Category": "Audio Module Class",
      "Name": "AudioQAM",
      "Vendor": "suzumushi",
      "Version": "1.1.1.0",
      "SDKVersion": "VST 3.7.9",
      "Sub Categories": [
        "Fx",
      ],
      "Class Flags": 1,
      "Cardinality": 2147483647,
      "Snapshots": [
        {
          "Scale Factor": 1,
          "Path": "Contents/Resources/Snapshots/ABBF37A85C5951B5867058CE44D5B3BB_snapshot.png",
        },
        {
          "Scale Factor": 2,
          "Path": "Contents/Resources/Snapshots/ABBF37A85C5951B5867058CE44D5B3BB_snapshot_2.0x.png",
        },
      ],
    },
    {
      "CID": "18D960CC92D75444B2B3284D34FC6013",
      "Category": "Component Controller Class",
      "Name": "AudioQAMController",
      "Vendor": "suzumushi",
      "Version": "1.1.1.0",
      "SDKVersion": "VST 3.7.9",
      "Class Flags": 0,
      "Cardinality": 2147483647,
      "Snapshots": [
      ],
    },
  ],
}